<?xml version="1.0" encoding="UTF-8"?><rss version="2.0"
	xmlns:content="http://purl.org/rss/1.0/modules/content/"
	xmlns:wfw="http://wellformedweb.org/CommentAPI/"
	xmlns:dc="http://purl.org/dc/elements/1.1/"
	xmlns:atom="http://www.w3.org/2005/Atom"
	xmlns:sy="http://purl.org/rss/1.0/modules/syndication/"
	xmlns:slash="http://purl.org/rss/1.0/modules/slash/"
	>

<channel>
	<title>Uncategorized - Kinisis Fitness Club</title>
	<atom:link href="http://localhost/wordpress/category/uncategorized/feed/" rel="self" type="application/rss+xml" />
	<link></link>
	<description>Welcome!</description>
	<lastBuildDate>Mon, 31 May 2021 12:31:33 +0000</lastBuildDate>
	<language>en-US</language>
	<sy:updatePeriod>
	hourly	</sy:updatePeriod>
	<sy:updateFrequency>
	1	</sy:updateFrequency>
	<generator>https://wordpress.org/?v=5.8</generator>

<image>
	<url>/wp-content/uploads/2021/08/cropped-android-chrome-512x512-1-32x32.png</url>
	<title>Uncategorized - Kinisis Fitness Club</title>
	<link></link>
	<width>32</width>
	<height>32</height>
</image> 
	<item>
		<title>Hello world!</title>
		<link>/2021/05/31/hello-world/?utm_source=rss&#038;utm_medium=rss&#038;utm_campaign=hello-world</link>
					<comments>/2021/05/31/hello-world/#comments</comments>
		
		<dc:creator><![CDATA[admin]]></dc:creator>
		<pubDate>Mon, 31 May 2021 12:31:33 +0000</pubDate>
				<category><![CDATA[Uncategorized]]></category>
		<guid isPermaLink="false">http:/?p=1</guid>

					<description><![CDATA[<p>Welcome to WordPress. This is your first post. Edit or delete it, then start writing!</p>
<p>The post <a href="/2021/05/31/hello-world/">Hello world!</a> first appeared on <a href="">Kinisis Fitness Club</a>.</p>]]></description>
										<content:encoded><![CDATA[<p>Welcome to WordPress. This is your first post. Edit or delete it, then start writing!</p><p>The post <a href="/2021/05/31/hello-world/">Hello world!</a> first appeared on <a href="">Kinisis Fitness Club</a>.</p>]]></content:encoded>
					
					<wfw:commentRss>/2021/05/31/hello-world/feed/</wfw:commentRss>
			<slash:comments>1</slash:comments>
		
		
			</item>
	</channel>
</rss>
